pattern,display_name,raw_score,dedicated,vram_gb,source
uhd-jasper,Intel UHD Graphics,700,0,,PassMark G3D Mark - videocardbenchmark.net (tham chieu 2025-01)
uhd-alderlake,Intel UHD Graphics (Alder Lake),1500,0,,PassMark G3D Mark - videocardbenchmark.net (tham chieu 2025-01)
iris-xe,Intel Iris Xe Graphics,2600,0,,PassMark G3D Mark - videocardbenchmark.net (tham chieu 2025-01)
radeon-vega,AMD Radeon Graphics (Vega),1800,0,,PassMark G3D Mark - videocardbenchmark.net (tham chieu 2025-01)
radeon-660m,AMD Radeon 660M,2400,0,,PassMark G3D Mark - videocardbenchmark.net (tham chieu 2025-01)
radeon-680m,AMD Radeon 680M,3400,0,,PassMark G3D Mark - videocardbenchmark.net (tham chieu 2025-01)
radeon-780m,AMD Radeon 780M,4300,0,,PassMark G3D Mark - videocardbenchmark.net (tham chieu 2025-01)
apple-gpu-8,Apple GPU 8-core,4800,0,,PassMark G3D Mark - videocardbenchmark.net (tham chieu 2025-01)
apple-gpu-10,Apple GPU 10-core,6500,0,,PassMark G3D Mark - videocardbenchmark.net (tham chieu 2025-01)
mx550,NVIDIA GeForce MX550,4000,1,2,PassMark G3D Mark - videocardbenchmark.net (tham chieu 2025-01)
rtx-2050,NVIDIA GeForce RTX 2050,6500,1,4,PassMark G3D Mark - videocardbenchmark.net (tham chieu 2025-01)
rtx-3050,NVIDIA GeForce RTX 3050 Laptop,8700,1,4,PassMark G3D Mark - videocardbenchmark.net (tham chieu 2025-01)
rtx-3050ti,NVIDIA GeForce RTX 3050 Ti Laptop,10200,1,4,PassMark G3D Mark - videocardbenchmark.net (tham chieu 2025-01)
rtx-4050,NVIDIA GeForce RTX 4050 Laptop,12500,1,6,PassMark G3D Mark - videocardbenchmark.net (tham chieu 2025-01)
rtx-3060,NVIDIA GeForce RTX 3060 Laptop,13500,1,6,PassMark G3D Mark - videocardbenchmark.net (tham chieu 2025-01)
rtx-4060,NVIDIA GeForce RTX 4060 Laptop,16500,1,8,PassMark G3D Mark - videocardbenchmark.net (tham chieu 2025-01)
rtx-4070,NVIDIA GeForce RTX 4070 Laptop,19500,1,8,PassMark G3D Mark - videocardbenchmark.net (tham chieu 2025-01)
rtx-4080,NVIDIA GeForce RTX 4080 Laptop,24000,1,12,PassMark G3D Mark - videocardbenchmark.net (tham chieu 2025-01)
rtx-a2000,NVIDIA RTX A2000 Laptop,9500,1,4,PassMark G3D Mark - videocardbenchmark.net (tham chieu 2025-01)
rx-6600m,AMD Radeon RX 6600M,13000,1,8,PassMark G3D Mark - videocardbenchmark.net (tham chieu 2025-01)
rx-7600m,AMD Radeon RX 7600M XT,16000,1,8,PassMark G3D Mark - videocardbenchmark.net (tham chieu 2025-01)
